33122,Air Mail Facility
32615,Alachua
32616,Alachua
32816,Alafaya
32820,Alafaya
32825,Alafaya
32826,Alafaya
32828,Alafaya
32831,Alafaya
32833,Alafaya
32834,Alafaya
32878,Alafaya
32420,Alford
32123,Allandale
32346,Alligator Point
32792,Aloma
32701,Altamonte Springs
32714,Altamonte Springs
32715,Altamonte Springs
32716,Altamonte Springs
32421,Altha
32702,Altoona
33820,Alturas
33920,Alva
32461,Alys Beach
32034,Amelia City
32034,Amelia Island
32035,Amelia Village
33336,American Express
33337,American Express
32885,Amsouth
32080,Anastasia Island
34216,Anna Maria
32617,Anthony
32320,Apalachicola
32329,Apalachicola
33572,Apollo Beach
32703,Apopka
32704,Apopka
32712,Apopka
34265,Arcadia
34266,Arcadia
34269,Arcadia
32618,Archer
32422,Argyle
34679,Aripeka
32033,Armstrong
34705,Astatula
32102,Astor
32233,Atlantic Bch
32224,Atlantic Beach
32233,Atlantic Beach
33462,Atlantis
33823,Auburndale
34142,Ave Maria
34143,Ave Maria
33160,Aventura
33180,Aventura
33280,Aventura
33825,Avon Park
33826,Avon Park
32807,Azalea Park
34211,B'TON
33827,Babson Park
32530,Bagdad
32531,Baker
33154,Bal Harbour
32234,Baldwin
33503,Balm
32105,Barberville
32976,Barefoot Bay
34134,Barefoot Bch
34134,Barefoot Beach
33161,Barry University
33830,Bartow
33831,Bartow
32423,Bascom
34972,Basinger
33154,Bay Harbor Island
33154,Bay Harbor Islands
32821,Bay Lake
33744,Bay Pines
34667,Bayonet Point
34207,Bayshore Gardens
32619,Bell
33430,Belle Glade
32809,Belle Isle
32812,Belle Isle
33756,Belleair
33785,Belleair Bch
33786,Belleair Bch
33785,Belleair Beach
33786,Belleair Beach
33770,Belleair Bluff
33770,Belleair Bluffs
33786,Belleair Shores
33786,Belleair Shrs
34420,Belleview
34421,Belleview
32526,Bellview
34464,Beverly Hills
34465,Beverly Hills
33043,Big Pine Key
33042,Big Torch Key
33161,Biscayne Park
33181,Biscayne Park
33261,Biscayne Park
32424,Blountstown
33921,Boca Grande
33427,Boca Raton
33428,Boca Raton
33429,Boca Raton
33431,Boca Raton
33432,Boca Raton
33433,Boca Raton
33434,Boca Raton
33464,Boca Raton
33481,Boca Raton
33486,Boca Raton
33487,Boca Raton
33488,Boca Raton
33496,Boca Raton
33497,Boca Raton
33498,Boca Raton
33499,Boca Raton
33922,Bokeelia
33326,Bonaventure
32425,Bonifay
34134,Bonita Beach
34133,Bonita Springs
34134,Bonita Springs
34135,Bonita Springs
34136,Bonita Springs
32007,Bostwick
33834,Bowling Green
33424,Boynton Beach
33425,Boynton Beach
33426,Boynton Beach
33435,Boynton Beach
33436,Boynton Beach
33437,Boynton Beach
33472,Boynton Beach
33473,Boynton Beach
33474,Boynton Beach
32064,Boys Ranch
34211,Brad
34201,Braden River
34203,Braden River
34204,Braden River
34211,Braden River
34201,Bradenton
34202,Bradenton
34203,Bradenton
34204,Bradenton
34205,Bradenton
34206,Bradenton
34207,Bradenton
34208,Bradenton
34209,Bradenton
34210,Bradenton
34211,Bradenton
34212,Bradenton
34280,Bradenton
34281,Bradenton
34282,Bradenton
34217,Bradenton Bch
34218,Bradenton Bch
34217,Bradenton Beach
34218,Bradenton Beach
34211,Bradington
33835,Bradley
33508,Brandon
33509,Brandon
33510,Brandon
33511,Brandon
32008,Branford
33231,Brickell
33435,Briny Breezes
32321,Bristol
32621,Bronson
32622,Brooker
34601,Brooksville
34602,Brooksville
34603,Brooksville
34604,Brooksville
34605,Brooksville
34606,Brooksville
34607,Brooksville
34608,Brooksville
34609,Brooksville
34610,Brooksville
34611,Brooksville
34613,Brooksville
34614,Brooksville
33388,Broward Mall
32455,Bruce
33438,Bryant
33439,Bryant
32009,Bryceville
34743,Buena Ventura Lakes
32110,Bunnell
33513,Bushnell
33633,Business Reply
34743,BVL
33158,C Gables
33234,C Gables
32011,Callahan
32404,Callaway
32426,Campbellton
33438,Canal Point
33439,Canal Point
32925,Canaveral Air Station
32925,Canaveral As
32111,Candler
32533,Cantonment
32920,Cape Canaveral
33904,Cape Coral
33909,Cape Coral
33910,Cape Coral
33914,Cape Coral
33915,Cape Coral
33990,Cape Coral
33991,Cape Coral
33993,Cape Coral
33910,Cape Coral S
33910,Cape Coral South
33946,Cape Haze
33947,Cape Haze
32456,Cape San Blas
33924,Captiva
33239,Carl Fisher
33055,Carol City
33056,Carol City
32322,Carrabelle
33618,Carrollwood
33625,Carrollwood
33688,Carrollwood
32425,Caryville
32427,Caryville
32706,Cassadaga
32707,Casselberry
32708,Casselberry
32718,Casselberry
32719,Casselberry
32730,Casselberry
32215,Cecil Field
34205,Cedar Hammock
32625,Cedar Key
34747,Celebration
33514,Center Hill
33514,Centerhill
32308,Centerville
32309,Centerville
32317,Centerville
32535,Century
33896,Champions Gate
33896,Champions GT
33029,Chapel Lakes
32324,Chattahoochee
32626,Chiefland
32644,Chiefland
32428,Chipley
32578,Choctaw Beach
34138,Chokoloskee
32709,Christmas
32766,Chuluota
32113,Citra
34442,Citrus Hills
32966,Citrus Ridge
32968,Citrus Ridge
32969,Citrus Ridge
34433,Citrus Springs
34434,Citrus Springs
32521,City of Pensacola
33313,City of Sunrise
33619,Clair Mel
33619,Clair Mel City
32710,Clarcona
32430,Clarksville
33755,Clearwater
33756,Clearwater
33757,Clearwater
33758,Clearwater
33759,Clearwater
33760,Clearwater
33761,Clearwater
33762,Clearwater
33763,Clearwater
33764,Clearwater
33765,Clearwater
33766,Clearwater
33767,Clearwater
33769,Clearwater
33767,Clearwater Beach
34711,Clermont
34712,Clermont
34713,Clermont
34714,Clermont
34715,Clermont
34713,Clermont South Branch Postal
34714,Clermont South Branch Postal
34715,Clermont South Branch Postal
33440,Clewiston
33406,Cloud Lake
34108,Coco River
32922,Cocoa
32923,Cocoa
32924,Cocoa
32926,Cocoa
32927,Cocoa
32931,Cocoa Beach
32932,Cocoa Beach
33063,Coconut Creek
33066,Coconut Creek
33073,Coconut Creek
33093,Coconut Creek
33097,Coconut Creek
33233,Coconut Gr
33133,Coconut Grove
33134,Coconut Grove
33146,Coconut Grove
33093,CoconutCreek
33521,Coleman
33001,Conch Key
33050,Conch Key
33024,Cooper City
33026,Cooper City
33328,Cooper City
33329,Cooper City
33330,Cooper City
34137,Copeland
33145,Coral
33114,Coral Gables
33124,Coral Gables
33133,Coral Gables
33134,Coral Gables
33143,Coral Gables
33144,Coral Gables
33145,Coral Gables
33146,Coral Gables
33156,Coral Gables
33158,Coral Gables
33234,Coral Gables
33158,Coral Gbls
33234,Coral Gbls
33065,Coral Springs
33067,Coral Springs
33071,Coral Springs
33073,Coral Springs
33075,Coral Springs
33076,Coral Springs
33077,Coral Springs
34215,Cortez
32431,Cottondale
33170,Country Lakes
33177,Country Lakes
33187,Country Lakes
32920,Cpe Canaveral
32326,Crawfordville
32327,Crawfordville
34242,Crescent Beach
32112,Crescent City
32531,Crestview
32536,Crestview
32539,Crestview
32628,Cross City
32640,Cross Creek
33037,Cross Key
33186,Crossings
34681,Crystal Beach
34423,Crystal River
34428,Crystal River
34429,Crystal River
33524,Crystal Springs
33042,Cudjoe Key
33157,Cutler Bay
33189,Cutler Bay
33190,Cutler Bay
33157,Cutler Ridge
33170,Cutler Ridge
33189,Cutler Ridge
33190,Cutler Ridge
32432,Cypress
33884,Cypress Gardens
33884,Cypress Gdns
33523,Dade City
33525,Dade City
33526,Dade City
33004,Dania
33312,Dania
33004,Dania Beach
33312,Dania Beach
33314,Dania Beach
33836,Davenport
33837,Davenport
33896,Davenport
33897,Davenport
33024,Davie
33312,Davie
33314,Davie
33317,Davie
33324,Davie
33325,Davie
33326,Davie
33328,Davie
33329,Davie
33330,Davie
33331,Davie
33332,Davie
33355,Davie
32013,Day
32116,Dayt Bch Sh
32118,Dayt Bch Sh
32114,Daytona Beach
32115,Daytona Beach
32116,Daytona Beach
32117,Daytona Beach
32118,Daytona Beach
32119,Daytona Beach
32120,Daytona Beach
32121,Daytona Beach
32122,Daytona Beach
32123,Daytona Beach
32124,Daytona Beach
32125,Daytona Beach
32126,Daytona Beach
32198,Daytona Beach
32116,Daytona Beach Shores
32118,Daytona Beach Shores
32130,De Leon Springs
32713,Debary
32753,Debary
32778,Deer Island
33441,Deerfield Bch
33442,Deerfield Bch
33443,Deerfield Bch
33064,Deerfield Beach
33069,Deerfield Beach
33073,Deerfield Beach
33441,Deerfield Beach
33442,Deerfield Beach
33443,Deerfield Beach
32433,Defuniak Springs
32435,Defuniak Springs
32720,Deland
32721,Deland
32722,Deland
32723,Deland
32724,Deland
33444,Delray Beach
33445,Delray Beach
33446,Delray Beach
33448,Delray Beach
33482,Delray Beach
33483,Delray Beach
33484,Delray Beach
32725,Deltona
32728,Deltona
32738,Deltona
32739,Deltona
32540,Destin
32541,Destin
32550,Destin
32542,Dfafs
32219,Dinsmore
32030,Doctors Inlet
32784,Dona Vista
33122,Doral
33126,Doral
33166,Doral
33172,Doral
33178,Doral
33182,Doral
33122,Doral Branch
33172,Doral Branch
33527,Dover
32060,Dowling Park
32064,Dowling Park
33147,Dr Martin Luther King Jr
33050,Duck Key
34219,Duette
32542,Duke Field AFS
33838,Dundee
34697,Dunedin
34698,Dunedin
34430,Dunnellon
34431,Dunnellon
34432,Dunnellon
34433,Dunnellon
34434,Dunnellon
33530,Durant
33839,Eagle Lake
32631,Earleton
33994,East Fort Myers
32131,East Palatka
32328,East Point
33040,East Rockland Key
33040,East Rockland Ky
32133,Eastlake Weir
32328,Eastpoint
32403,Eastside
32404,Eastside
33840,Eaton Park
32751,Eatonville
32934,Eau Gallie
32936,Eau Gallie
32437,Ebro
32149,Edgar
32132,Edgewater
32141,Edgewater
32809,Edgewood
32839,Edgewood
32559,Educ Dev Ctr Corresp
32542,Eglin
32542,Eglin AFB
33927,El Jobean
33138,El Portal
33150,El Portal
34680,Elfers
32542,Elgin
32542,Elgin AFB
32033,Elkton
34222,Ellenton
33880,Eloise
34223,Englewood
34224,Englewood
34295,Englewood
34223,Englewood Beach
32725,Enterprise
33928,Estero
33929,Estero
32425,Esto
32726,Eustis
32727,Eustis
32736,Eustis
34139,Everglades
33331,Everglades Br
33332,Everglades Br
34139,Everglades City
33030,Everglades National Park
32633,Evinston
33901,F M
32634,Fairfield
32693,Fanning Springs
33194,Father Felix Varela
33854,Fedhaven
33930,Felda
32948,Fellsmere
32730,Fern Park
32034,Fernandina
32035,Fernandina
32034,Fernandina Beach
32035,Fernandina Beach
34729,Ferndale
33001,Fiesta Key
33394,Financial Plaza
33109,Fisher Island
33139,Fisher Island
32035,Five Points Hamilton
32198,Fl Reg Lib Bl
32198,Fl Regional Library for Blin
32395,Fl State Lot
32313,Fl State University Student
32136,Flagler Beach
32143,Flagler Beach
33034,Flamingo Ldge
33034,Flamingo Lodge
32003,Fleming Island
32006,Fleming Island
32003,Fleming Isle
32006,Fleming Isle
32686,Flemington
33199,Flinternational University
32140,Florahome
34436,Floral City
33885,Florence Vill
33881,Florence Villa
33885,Florence Villa
32307,Florida A & M
32307,Florida A and M University
33034,Florida City
33035,Florida City
32026,Florida Dept of Corrections
33965,Florida Gulf Coast University
33199,Florida International University
33188,Florida Power & Light Co
32313,Florida State
32395,Florida State Lottery
32306,Florida State University
32313,Florida State University
32306,Florida State University Admin
33901,FMY
32714,Forest City
33952,Fort Charlotte
33935,Fort Denaud
33040,Fort Jefferson National Mon
33301,Fort Lauderdale
33302,Fort Lauderdale
33303,Fort Lauderdale
33304,Fort Lauderdale
33305,Fort Lauderdale
33306,Fort Lauderdale
33307,Fort Lauderdale
33308,Fort Lauderdale
33309,Fort Lauderdale
33310,Fort Lauderdale
33311,Fort Lauderdale
33312,Fort Lauderdale
33313,Fort Lauderdale
33314,Fort Lauderdale
33315,Fort Lauderdale
33316,Fort Lauderdale
33317,Fort Lauderdale
33318,Fort Lauderdale
33319,Fort Lauderdale
33320,Fort Lauderdale
33321,Fort Lauderdale
33322,Fort Lauderdale
33323,Fort Lauderdale
33324,Fort Lauderdale
33325,Fort Lauderdale
33326,Fort Lauderdale
33327,Fort Lauderdale
33328,Fort Lauderdale
33329,Fort Lauderdale
33330,Fort Lauderdale
33331,Fort Lauderdale
33332,Fort Lauderdale
33334,Fort Lauderdale
33335,Fort Lauderdale
33336,Fort Lauderdale
33337,Fort Lauderdale
33338,Fort Lauderdale
33339,Fort Lauderdale
33340,Fort Lauderdale
33345,Fort Lauderdale
33346,Fort Lauderdale
33348,Fort Lauderdale
33349,Fort Lauderdale
33351,Fort Lauderdale
33355,Fort Lauderdale
33359,Fort Lauderdale
33388,Fort Lauderdale
33394,Fort Lauderdale
32134,Fort Mc Coy
33841,Fort Meade
33900,Fort Myers
33901,Fort Myers
33902,Fort Myers
33903,Fort Myers
33905,Fort Myers
33906,Fort Myers
33907,Fort Myers
33908,Fort Myers
33911,Fort Myers
33912,Fort Myers
33913,Fort Myers
33916,Fort Myers
33917,Fort Myers
33918,Fort Myers
33919,Fort Myers
33965,Fort Myers
33966,Fort Myers
33967,Fort Myers
33990,Fort Myers
33993,Fort Myers
33994,Fort Myers
33931,Fort Myers Bch
33932,Fort Myers Bch
33931,Fort Myers Beach
33932,Fort Myers Beach
34267,Fort Ogden
34945,Fort Pierce
34946,Fort Pierce
34947,Fort Pierce
34948,Fort Pierce
34949,Fort Pierce
34950,Fort Pierce
34951,Fort Pierce
34952,Fort Pierce
34953,Fort Pierce
34954,Fort Pierce
34979,Fort Pierce
34981,Fort Pierce
34982,Fort Pierce
34983,Fort Pierce
34984,Fort Pierce
34985,Fort Pierce
34986,Fort Pierce
34987,Fort Pierce
34988,Fort Pierce
32547,Fort Walton Bch
32548,Fort Walton Bch
32549,Fort Walton Bch
32547,Fort Walton Beach
32548,Fort Walton Beach
32549,Fort Walton Beach
32038,Fort White
32438,Fountain
32439,Freeport
33843,Frostproof
32259,Fruit Cove
34731,Fruitland Park
33158,Gables
33234,Gables
33156,Gables by the Sea
32601,Gainesville
32602,Gainesville
32603,Gainesville
32604,Gainesville
32605,Gainesville
32606,Gainesville
32607,Gainesville
32608,Gainesville
32609,Gainesville
32610,Gainesville
32611,Gainesville
32612,Gainesville
32613,Gainesville
32614,Gainesville
32627,Gainesville
32635,Gainesville
32641,Gainesville
32653,Gainesville
32896,GE Capital
32732,Geneva
32139,Georgetown
33805,Gibsonia
33534,Gibsonton
33406,Glen Ridge
32040,Glen Saint Mary
32040,Glen St Mary
32720,Glenwood
32722,Glenwood
33160,Golden Beach
34116,Golden Gate
33008,Golden Isles
33009,Golden Isles
33008,Golden Isles Postal Store
32733,Goldenrod
32560,Gonzalez
34746,Good Samaritan
34140,Goodland
34734,Gotha
33170,Goulds
32440,Graceville
32042,Graham
32735,Grand Island
32442,Grand Ridge
32413,Grande Pointe
32138,Grandin
32909,Grant
32949,Grant
32950,Grant
32909,Grant Valkaria
32949,Grant Valkaria
32950,Grant Valkaria
32909,Grant Vlkria
32949,Grant Vlkria
32950,Grant Vlkria
33050,Grassy Key
33413,Green Acres
33415,Green Acres
33454,Green Acres
33463,Green Acres
33467,Green Acres
32043,Green Cove Springs
32043,Green Cv Springs
33413,Greenacres
33415,Greenacres
33454,Greenacres
33463,Greenacres
33467,Greenacres
32330,Greensboro
32331,Greenville
32443,Greenwood
32332,Gretna
34224,Grove City
34736,Groveland
34737,Groveland
32561,Gulf Breeze
32562,Gulf Breeze
32563,Gulf Breeze
32566,Gulf Breeze
32639,Gulf Hammock
32520,Gulf Power
33483,Gulf Stream
33707,Gulfport
33711,Gulfport
33844,Haines City
33845,Haines City
34788,Haines Creek
33008,Hallandale
33009,Hallandale
33009,Hallandale Beach
33009,Halndle Bch
32044,Hampton
34773,Harmony
32919,Harris Corp
32919,Harris Corporation
32145,Hastings
32333,Havana
33409,Haverhill
33415,Haverhill
33417,Haverhill
33422,Haverhill
32640,Hawthorne
32887,HBJ
32746,Heathrow
34442,Hernando
34607,Hernando Bch
34607,Hernando Beach
33002,Hialeah
33010,Hialeah
33011,Hialeah
33012,Hialeah
33013,Hialeah
33014,Hialeah
33015,Hialeah
33016,Hialeah
33017,Hialeah
33018,Hialeah
33010,Hialeah Gardens
33016,Hialeah Gardens
33018,Hialeah Gardens
33016,Hialeah Gdns
33018,Hialeah Gdns
33014,Hialeah Lakes
33015,Hialeah Lakes
32818,Hiawassee
32643,High Springs
32655,High Springs
33487,Highland Bch
33487,Highland Beach
33846,Highland City
33081,Hillcrest
32046,Hilliard
33062,Hillsboro Bch
33062,Hillsboro Beach
33455,Hobe Sound
33475,Hobe Sound
34445,Holder
34690,Holiday
34691,Holiday
34692,Holiday
32147,Hollister
32117,Holly Hill
32125,Holly Hill
33019,Hollywood
33020,Hollywood
33021,Hollywood
33022,Hollywood
33023,Hollywood
33024,Hollywood
33025,Hollywood
33026,Hollywood
33027,Hollywood
33028,Hollywood
33029,Hollywood
33081,Hollywood
33082,Hollywood
33083,Hollywood
33084,Hollywood
33312,Hollywood
33314,Hollywood
33316,Hollywood
33332,Hollywood
34217,Holmes Beach
34218,Holmes Beach
32564,Holt
33729,Home Shopping
33650,Home Shopping Club
33847,Homeland
33030,Homestead
33031,Homestead
33032,Homestead
33033,Homestead
33034,Homestead
33035,Homestead
33039,Homestead
33090,Homestead
33092,Homestead
33039,Homestead AFB
33039,Homestead Air Force Base
34446,Homosassa
34448,Homosassa
34487,Homosassa
34447,Homosassa Springs
32648,Horseshoe Bch
32648,Horseshoe Beach
32334,Hosford
32887,Houghton Mifflin Harcourt
34737,Howey In Hls
34797,Howey In Hls
34737,Howey in the Hills
34797,Howey in the Hills
34667,Hudson
34669,Hudson
34674,Hudson
32544,Hurlburt Field
34949,Hutchinson Island
33462,Hypoluxo
34142,Immokalee
34143,Immokalee
33154,Ind Crk Village
32937,Ind Hbr Bch
32903,Indialantic
33154,Indian Creek
33154,Indian Creek Village
32937,Indian Harbour Beach
33855,Indian Lake Estates
33855,Indian Lk Est
32963,Indian River Shores
33785,Indian Rk Bch
33786,Indian Rk Bch
33785,Indian Rks Beach
33786,Indian Rks Beach
33785,Indian Rocks Beach
33786,Indian Rocks Beach
33785,Indian Shores
34956,Indiantown
32937,Indn Hbr Bch
32963,Indn Riv Shrs
34223,Inglewood
34224,Inglewood
34295,Inglewood
34449,Inglis
32413,Inlet Beach
33848,Intercession City
32907,Interchange Square
32148,Interlachen
32149,Interlachen
33112,International Service Center
33848,Intrcsion City
34450,Inverness
34451,Inverness
34452,Inverness
34453,Inverness
33319,Inverrary
32686,Irvine
33036,Islamorada
33070,Islamorada
32654,Island Grove
34636,Istachatta
32099,Jacksonville
32201,Jacksonville
32202,Jacksonville
32203,Jacksonville
32204,Jacksonville
32205,Jacksonville
32206,Jacksonville
32207,Jacksonville
32208,Jacksonville
32209,Jacksonville
32210,Jacksonville
32211,Jacksonville
32212,Jacksonville
32214,Jacksonville
32215,Jacksonville
32216,Jacksonville
32217,Jacksonville
32218,Jacksonville
32219,Jacksonville
32220,Jacksonville
32221,Jacksonville
32222,Jacksonville
32223,Jacksonville
32224,Jacksonville
32225,Jacksonville
32226,Jacksonville
32227,Jacksonville
32228,Jacksonville
32229,Jacksonville
32230,Jacksonville
32231,Jacksonville
32232,Jacksonville
32233,Jacksonville
32234,Jacksonville
32235,Jacksonville
32236,Jacksonville
32237,Jacksonville
32238,Jacksonville
32239,Jacksonville
32240,Jacksonville
32241,Jacksonville
32244,Jacksonville
32245,Jacksonville
32246,Jacksonville
32247,Jacksonville
32250,Jacksonville
32254,Jacksonville
32255,Jacksonville
32256,Jacksonville
32257,Jacksonville
32258,Jacksonville
32259,Jacksonville
32260,Jacksonville
32266,Jacksonville
32277,Jacksonville
32227,Jacksonville Beach
32240,Jacksonville Beach
32250,Jacksonville Beach
32212,Jacksonville N A S
32212,Jacksonville Naval Air Stati
32214,Jacksonville Naval Hospital
32431,Jacob
32052,Jasper
32201,JAX
32202,JAX
32203,JAX
32204,JAX
32205,JAX
32206,JAX
32207,JAX
32208,JAX
32209,JAX
32210,JAX
32211,JAX
32212,JAX
32214,JAX
32215,JAX
32216,JAX
32217,JAX
32218,JAX
32219,JAX
32220,JAX
32221,JAX
32222,JAX
32223,JAX
32224,JAX
32225,JAX
32226,JAX
32227,JAX
32228,JAX
32229,JAX
32230,JAX
32231,JAX
32232,JAX
32233,JAX
32234,JAX
32235,JAX
32236,JAX
32237,JAX
32238,JAX
32239,JAX
32240,JAX
32241,JAX
32244,JAX
32245,JAX
32246,JAX
32247,JAX
32250,JAX
32254,JAX
32255,JAX
32256,JAX
32257,JAX
32258,JAX
32259,JAX
32260,JAX
32266,JAX
32277,JAX
32227,JAX Bch
32240,JAX Bch
32250,JAX Bch
32250,JAX Beach
32212,JAX Naval AIR
32214,JAX Naval Hos
32565,Jay
32359,Jena
32053,Jennings
34957,Jensen Beach
34958,Jensen Beach
34141,Jerome
33708,Johns Pass
32669,Jonesville
33880,JPV
32259,Julington Creek
32259,Julington Crk
33408,Juno Beach
33458,Jupiter
33468,Jupiter
33469,Jupiter
33477,Jupiter
33478,Jupiter
33469,Jupiter Inlet
33469,Jupiter Inlet Colony
33849,Kathleen
34739,Kenansville
33156,Kendall
33158,Kendall
33173,Kendall
33176,Kendall
33183,Kendall
33186,Kendall
33193,Kendall
33196,Kendall
33256,Kendall
33283,Kendall
33296,Kendall
32815,Kennedy Sp Ct
32899,Kennedy Sp Ct
32815,Kennedy Space Center
32899,Kennedy Space Center
33709,Kenneth City
33149,Key Biscayne
33051,Key Col Bch
33051,Key Colony Beach
33037,Key Largo
33040,Key West
33041,Key West
33045,Key West
33040,Key West Nas
33040,Key West Naval Air Station
32656,Keystone Heights
32656,Keystone Hgts
33261,Keystone Islands
34740,Killarney
32449,Kinard
32091,Kingsley Lake
34741,Kissimmee
34742,Kissimmee
34743,Kissimmee
34744,Kissimmee
34745,Kissimmee
34746,Kissimmee
34747,Kissimmee
34758,Kissimmee
34759,Kissimmee
32091,Kngsly Lake
33041,Ky Wst
33935,La Belle
32658,La Crosse
33935,Labelle
33975,Labelle
33537,Lacoochee
32158,Lady Lake
32159,Lady Lake
32162,Lady Lake
32163,Lady Lake
33850,Lake Alfred
32830,Lake Buena Vis
32830,Lake Buena Vista
32054,Lake Butler
32061,Lake Butler
32024,Lake City
32025,Lake City
32055,Lake City
32056,Lake City
33406,Lake Clarke
33406,Lake Clarke Shores
32157,Lake Como
32160,Lake Geneva
33851,Lake Hamilton
33459,Lake Harbor
32744,Lake Helen
32746,Lake Mary
32795,Lake Mary
32747,Lake Monroe
33538,Lake Panasoffke
33538,Lake Panasoffkee
33403,Lake Park
33852,Lake Placid
33862,Lake Placid
34266,Lake Suzy
34269,Lake Suzy
33853,Lake Wales
33854,Lake Wales
33855,Lake Wales
33856,Lake Wales
33859,Lake Wales
33867,Lake Wales
33898,Lake Wales
33449,Lake Worth
33454,Lake Worth
33460,Lake Worth
33461,Lake Worth
33462,Lake Worth
33463,Lake Worth
33465,Lake Worth
33466,Lake Worth
33467,Lake Worth
33801,Lakeland
33802,Lakeland
33803,Lakeland
33804,Lakeland
33805,Lakeland
33806,Lakeland
33807,Lakeland
33809,Lakeland
33810,Lakeland
33811,Lakeland
33812,Lakeland
33813,Lakeland
33815,Lakeland
33854,Lakeshore
34202,Lakewood Ranch
34203,Lakewood Ranch
34211,Lakewood Ranch
34212,Lakewood Ranch
34240,Lakewood Ranch
34202,Lakewood Rch
34203,Lakewood Rch
34211,Lakewood Rch
34212,Lakewood Rch
34240,Lakewood Rch
32336,Lamont
32323,Lanark Village
34637,Land O Lakes
34638,Land O Lakes
34639,Land O Lakes
34639,Land O' Lakes
33460,Lantana
33462,Lantana
33465,Lantana
33770,Largo
33771,Largo
33772,Largo
33773,Largo
33774,Largo
33775,Largo
33776,Largo
33777,Largo
33778,Largo
33779,Largo
33308,Laud By Sea
33062,Laud By The Sea
33309,Laud Lakes
33311,Laud Lakes
33313,Laud Lakes
33319,Laud Lakes
33330,Laud Lakes
33319,Lauder Hill
33321,Lauder Hill
33062,Lauderdale by the Sea
33308,Lauderdale by the Sea
33312,Lauderdale Isles
33309,Lauderdale Lakes
33311,Lauderdale Lakes
33313,Lauderdale Lakes
33319,Lauderdale Lakes
33311,Lauderhill
33313,Lauderhill
33319,Lauderhill
33321,Lauderhill
33351,Lauderhill
34272,Laurel
32567,Laurel Hill
32058,Lawtey
33001,Layton
33305,Lazy Lake
33313,Ldhl
33319,Ldhl
33321,Ldhl
34460,Lecanto
34461,Lecanto
32059,Lee
33973,Leehigh
33974,Leehigh
33976,Leehigh
33973,Leehigh Acres
33974,Leehigh Acres
33976,Leehigh Acres
34748,Leesburg
34749,Leesburg
34788,Leesburg
34789,Leesburg
33936,Lehigh
33971,Lehigh
33972,Lehigh
33973,Lehigh
33974,Lehigh
33976,Lehigh
33936,Lehigh Acres
33970,Lehigh Acres
33971,Lehigh Acres
33972,Lehigh Acres
33973,Lehigh Acres
33974,Lehigh Acres
33976,Lehigh Acres
33030,Leisure City
33033,Leisure City
33064,Lghthse Point
33074,Lghthse Point
33064,Lighthouse Point
33074,Lighthouse Point
33547,Lithia
33042,Little Torch Key
32060,Live Oak
32064,Live Oak
32337,Lloyd
32662,Lochloosa
32810,Lockhart
34228,Long Boat Key
33001,Long Key
34228,Longboat Key
32750,Longwood
32752,Longwood
32779,Longwood
32791,Longwood
33857,Lorida
33858,Loughman
32663,Lowell
33036,Lower Matecumbe Key
33042,Lower Sugarloaf Key
33470,Loxahatchee
33470,Loxahatchee Groves
33255,Ludlam
32061,Lulu
33548,Lutz
33549,Lutz
33558,Lutz
33559,Lutz
33042,Lwr Sugarloaf
33470,Lxhtchee Groves
32444,Lynn Haven
32063,Macclenny
33608,Macdill AFB
33708,Madeira Beach
33738,Madeira Beach
32340,Madison
32341,Madison
34771,Magnolia Sq
34771,Magnolia Square
32751,Maitland
32794,Maitland
32950,Malabar
32445,Malone
33462,Manalapan
34260,Manasota
33550,Mango
33407,Mangonia Park
33050,Marathon
33051,Marathon
33052,Marathon
33050,Marathon Shores
33052,Marathon Shores
33050,Marathon Shrs
33052,Marathon Shrs
34145,Marco Island
34146,Marco Island
33063,Margate
33065,Margate
33068,Margate
33073,Margate
33076,Margate
33093,Margate
32446,Marianna
32447,Marianna
32448,Marianna
34471,Maricamp
34472,Maricamp
34480,Maricamp
32569,Mary Esther
34604,Masaryktown
34753,Mascotte
33036,Matecumbe Key
33993,Matlacha
33991,Matlacha Isle
33991,Matlacha Isles
32234,Maxville
32066,Mayo
32227,Mayport
32228,Mayport
32233,Mayport
32228,Mayport Nav S
32228,Mayport Nav Station
32227,Mayport Naval Housing
32228,Mayport Naval Station
32227,Maypt Nav Hou
32062,Mc Alpin
32568,Mc David
32664,Mc Intosh
32062,McAlpin
32664,McIntosh
33166,Medley
33178,Medley
32901,Melbourne
32902,Melbourne
32903,Melbourne
32904,Melbourne
32905,Melbourne
32906,Melbourne
32907,Melbourne
32908,Melbourne
32909,Melbourne
32910,Melbourne
32911,Melbourne
32912,Melbourne
32919,Melbourne
32934,Melbourne
32935,Melbourne
32936,Melbourne
32937,Melbourne
32940,Melbourne
32941,Melbourne
32951,Melbourne
32951,Melbourne Bch
32951,Melbourne Beach
32904,Melbourne Village
32666,Melrose
33312,Melrose Vista
32952,Merritt Island
32953,Merritt Island
32954,Merritt Island
32410,Mexico Beach
32456,Mexico Beach
33162,Mia Shores
33162,Mia Shrs
33010,Miami
33011,Miami
33012,Miami
33013,Miami
33014,Miami
33015,Miami
33016,Miami
33017,Miami
33018,Miami
33054,Miami
33055,Miami
33056,Miami
33101,Miami
33102,Miami
33109,Miami
33111,Miami
33112,Miami
33114,Miami
33116,Miami
33119,Miami
33122,Miami
33124,Miami
33125,Miami
33126,Miami
33127,Miami
33128,Miami
33129,Miami
33130,Miami
33131,Miami
33132,Miami
33133,Miami
33134,Miami
33135,Miami
33136,Miami
33137,Miami
33138,Miami
33139,Miami
33140,Miami
33141,Miami
33142,Miami
33143,Miami
33144,Miami
33145,Miami
33146,Miami
33147,Miami
33149,Miami
33150,Miami
33151,Miami
33152,Miami
33153,Miami
33154,Miami
33155,Miami
33156,Miami
33157,Miami
33158,Miami
33159,Miami
33160,Miami
33161,Miami
33162,Miami
33163,Miami
33164,Miami
33165,Miami
33166,Miami
33167,Miami
33168,Miami
33169,Miami
33170,Miami
33172,Miami
33173,Miami
33174,Miami
33175,Miami
33176,Miami
33177,Miami
33178,Miami
33179,Miami
33180,Miami
33181,Miami
33182,Miami
33183,Miami
33184,Miami
33185,Miami
33186,Miami
33187,Miami
33188,Miami
33189,Miami
33190,Miami
33193,Miami
33194,Miami
33196,Miami
33197,Miami
33199,Miami
33222,Miami
33231,Miami
33233,Miami
33234,Miami
33238,Miami
33239,Miami
33242,Miami
33243,Miami
33245,Miami
33247,Miami
33255,Miami
33256,Miami
33257,Miami
33261,Miami
33265,Miami
33266,Miami
33269,Miami
33280,Miami
33283,Miami
33296,Miami
33299,Miami
33109,Miami Beach
33119,Miami Beach
33139,Miami Beach
33140,Miami Beach
33141,Miami Beach
33154,Miami Beach
33239,Miami Beach
33014,Miami Gardens
33015,Miami Gardens
33017,Miami Gardens
33054,Miami Gardens
33055,Miami Gardens
33056,Miami Gardens
33169,Miami Gardens
33179,Miami Gardens
33014,Miami Lakes
33015,Miami Lakes
33016,Miami Lakes
33018,Miami Lakes
33138,Miami Shores
33150,Miami Shores
33153,Miami Shores
33161,Miami Shores
33162,Miami Shores
33167,Miami Shores
33168,Miami Shores
33166,Miami Springs
33266,Miami Springs
32667,Micanopy
32976,Micco
32309,Miccosukee
32745,Mid Florida
32799,Mid Florida
33042,Mid Torch Key
33042,Middle Torch Key
32050,Middleburg
32068,Middleburg
32343,Midway
33166,Milam Dairy
32537,Milligan
32570,Milton
32571,Milton
32572,Milton
32583,Milton
32754,Mims
34715,Minneola
34755,Minneola
33023,Miramar
33025,Miramar
33027,Miramar
33028,Miramar
33029,Miramar
33083,Miramar
32550,Miramar Beach
33913,Miromar Lakes
33030,Modello
32577,Molino
32344,Monticello
32345,Monticello
34729,Montverde
34756,Montverde
33471,Moore Haven
33183,Morales Discount Pharmacy
32668,Morriston
32434,Mossy Head
32756,Mount Dora
32757,Mount Dora
32352,Mount Pleasant
32776,Mount Plymouth
33860,Mulberry
33040,Munson Island
33938,Murdock
34251,Myakka City
33856,Nalcrest
34101,Naples
34102,Naples
34103,Naples
34104,Naples
34105,Naples
34106,Naples
34107,Naples
34108,Naples
34109,Naples
34110,Naples
34112,Naples
34113,Naples
34114,Naples
34116,Naples
34117,Naples
34119,Naples
34120,Naples
33032,Naranja
33033,Naranja
33092,Naranja
32212,Nas Jacksonvle
32212,Nas Jax
33655,Nations Bank
33040,Naval Air Station Unit 2
32566,Navarre
32266,Neptune Beach
32509,Netpmdsa Saufley Field
34652,New Port Richey
34653,New Port Richey
34654,New Port Richey
34655,New Port Richey
34656,New Port Richey
34652,New Prt Rchy
34653,New Prt Rchy
34654,New Prt Rchy
34655,New Prt Rchy
34656,New Prt Rchy
34652,New Pt Richey
34653,New Pt Richey
34654,New Pt Richey
34655,New Pt Richey
34656,New Pt Richey
32168,New Smyrna
32169,New Smyrna
32170,New Smyrna
32168,New Smyrna Beach
32169,New Smyrna Beach
32170,New Smyrna Beach
32669,Newberry
32578,Niceville
32588,Niceville
33863,Nichols
33161,Nmb
33180,Nmb
33181,Nmb
33280,Nmb
33903,No Fort Myers
33917,No Fort Myers
33918,No Fort Myers
33903,No Ft Myers
33917,No Ft Myers
33043,No Name Key
34286,No Port
34288,No Port
34289,No Port
34661,Nobleton
34268,Nocatee
34274,Nokomis
34275,Nokomis
32452,Noma
33141,Normandy
33141,Normandy Isle
32899,North A S A
33141,North Bay Village
33903,North Fort Myers
33917,North Fort Myers
33918,North Fort Myers
33903,North Ft Myers
33917,North Ft Myers
33918,North Ft Myers
33068,North Lauderdale
33309,North Lauderdale
33319,North Lauderdale
33161,North Miami
33162,North Miami
33167,North Miami
33168,North Miami
33169,North Miami
33181,North Miami
33261,North Miami
33160,North Miami Beach
33161,North Miami Beach
33162,North Miami Beach
33169,North Miami Beach
33179,North Miami Beach
33180,North Miami Beach
33181,North Miami Beach
33261,North Miami Beach
33403,North Palm Beach
33408,North Palm Beach
33410,North Palm Beach
34286,North Port
34287,North Port
34288,North Port
34289,North Port
34290,North Port
34291,North Port
33708,North Redington Beach
33708,North Redngtn Bch
34275,North Venice
33624,Northdale
33626,Northdale
34286,Northport
34288,Northport
34289,Northport
32511,NTT Corry Field
34652,NW Prt Rchy
32071,O Brien
32759,Oak Hill
34740,Oakland
34760,Oakland
34787,Oakland
33304,Oakland Park
33305,Oakland Park
33306,Oakland Park
33307,Oakland Park
33308,Oakland Park
33309,Oakland Park
33310,Oakland Park
33311,Oakland Park
33334,Oakland Park
34470,Ocala
34471,Ocala
34472,Ocala
34473,Ocala
34474,Ocala
34475,Ocala
34476,Ocala
34477,Ocala
34478,Ocala
34479,Ocala
34480,Ocala
34481,Ocala
34482,Ocala
34483,Ocala
33037,Ocean Reef Club
33435,Ocean Ridge
32346,Ochlockonee
32346,Ochlockonee Bay
34141,Ochopee
32179,Ocklawaha
32183,Ocklawaha
34761,Ocoee
33556,Odessa
33163,Ojus
33180,Ojus
34762,Okahumpka
32548,Okaloosa Island
34972,Okeechobee
34973,Okeechobee
34974,Okeechobee
32179,Oklawaha
32680,Old Town
34677,Oldsmar
32072,Olustee
33165,Olympia Heights
33174,Olympia Heights
33175,Olympia Heights
33184,Olympia Heights
33185,Olympia Heights
33265,Olympia Heights
33165,Olympia Hgts
33175,Olympia Hgts
33185,Olympia Hgts
33265,Olympia Hgts
33865,Ona
33394,One Financial Plaza
34264,Oneco
33014,Opa Locka
33054,Opa Locka
33055,Opa Locka
33056,Opa Locka
32763,Orange City
32774,Orange City
32681,Orange Lake
32003,Orange Park
32006,Orange Park
32065,Orange Park
32067,Orange Park
32073,Orange Park
32182,Orange Springs
32963,Orchid
32801,Orlando
32802,Orlando
32803,Orlando
32804,Orlando
32805,Orlando
32806,Orlando
32807,Orlando
32808,Orlando
32809,Orlando
32810,Orlando
32811,Orlando
32812,Orlando
32814,Orlando
32815,Orlando
32816,Orlando
32817,Orlando
32818,Orlando
32819,Orlando
32820,Orlando
32821,Orlando
32822,Orlando
32824,Orlando
32825,Orlando
32826,Orlando
32827,Orlando
32828,Orlando
32829,Orlando
32830,Orlando
32831,Orlando
32832,Orlando
32833,Orlando
32834,Orlando
32835,Orlando
32836,Orlando
32837,Orlando
32839,Orlando
32853,Orlando
32854,Orlando
32855,Orlando
32856,Orlando
32857,Orlando
32858,Orlando
32859,Orlando
32860,Orlando
32861,Orlando
32862,Orlando
32867,Orlando
32868,Orlando
32869,Orlando
32872,Orlando
32877,Orlando
32878,Orlando
32885,Orlando
32886,Orlando
32887,Orlando
32891,Orlando
32896,Orlando
32897,Orlando
32899,Orlando
32811,Orlo Vista
32173,Ormond Beach
32174,Ormond Beach
32175,Ormond Beach
32176,Ormond Beach
34229,Osprey
32764,Osteen
32683,Otter Creek
32456,Overstreet
32762,Oviedo
32765,Oviedo
32766,Oviedo
34484,Oxford
34660,Ozona
32401,P C Beach
32407,P C Beach
32408,P C Beach
32413,P C Beach
32417,P C Beach
33326,P E Chevron Cs
32571,Pace
33476,Pahokee
32767,Paisley
32177,Palatka
32178,Palatka
32905,Palm Bay
32906,Palm Bay
32907,Palm Bay
32908,Palm Bay
32909,Palm Bay
32910,Palm Bay
32911,Palm Bay
33403,Palm Bch Gdns
33408,Palm Bch Gdns
33410,Palm Bch Gdns
33412,Palm Bch Gdns
33418,Palm Bch Gdns
33420,Palm Bch Gdns
33404,Palm Bch Shrs
33480,Palm Beach
33403,Palm Beach Gardens
33408,Palm Beach Gardens
33410,Palm Beach Gardens
33412,Palm Beach Gardens
33418,Palm Beach Gardens
33420,Palm Beach Gardens
33404,Palm Beach Shores
34990,Palm City
34991,Palm City
32135,Palm Coast
32137,Palm Coast
32142,Palm Coast
32143,Palm Coast
32164,Palm Coast
34682,Palm Harbor
34683,Palm Harbor
34684,Palm Harbor
34685,Palm Harbor
32940,Palm Shores
33406,Palm Springs
33461,Palm Springs
33015,Palm Springs North
33629,Palma Ceia
33690,Palma Ceia
34209,Palma Sola
34280,Palma Sola
33944,Palmdale
34220,Palmetto
34221,Palmetto
33157,Palmetto Bay
33158,Palmetto Bay
33176,Palmetto Bay
32346,Panacea
32401,Panama City
32402,Panama City
32403,Panama City
32404,Panama City
32405,Panama City
32406,Panama City
32407,Panama City
32408,Panama City
32409,Panama City
32411,Panama City
32412,Panama City
32413,Panama City
32417,Panama City
32461,Panama City
32401,Panama City Beach
32407,Panama City Beach
32408,Panama City Beach
32413,Panama City Beach
32417,Panama City Beach
33067,Parkland
33073,Parkland
33076,Parkland
34219,Parrish
33707,Pasadena
33706,Pass A Grille
33741,Pass A Grille
33706,Pass A Grille Beach
33741,Pass A Grille Beach
32925,Patrick AFB
32925,Patrick Air Force Base
32538,Paxton
32590,Pcola
33026,Pembroke Lakes
33009,Pembroke Park
33021,Pembroke Park
33023,Pembroke Park
33019,Pembroke Pines
33020,Pembroke Pines
33022,Pembroke Pines
33023,Pembroke Pines
33024,Pembroke Pines
33025,Pembroke Pines
33026,Pembroke Pines
33027,Pembroke Pines
33028,Pembroke Pines
33029,Pembroke Pines
33081,Pembroke Pines
33082,Pembroke Pines
33083,Pembroke Pines
33084,Pembroke Pines
33330,Pembroke Pines
33331,Pembroke Pines
33332,Pembroke Pines
33023,Pembroke Pnes
33024,Pembroke Pnes
33025,Pembroke Pnes
33026,Pembroke Pnes
33027,Pembroke Pnes
33028,Pembroke Pnes
33029,Pembroke Pnes
33082,Pembroke Pnes
33084,Pembroke Pnes
32079,Penney Farms
32501,Pensacola
32502,Pensacola
32503,Pensacola
32504,Pensacola
32505,Pensacola
32506,Pensacola
32507,Pensacola
32508,Pensacola
32509,Pensacola
32511,Pensacola
32512,Pensacola
32513,Pensacola
32514,Pensacola
32516,Pensacola
32520,Pensacola
32521,Pensacola
32522,Pensacola
32523,Pensacola
32524,Pensacola
32526,Pensacola
32534,Pensacola
32559,Pensacola
32590,Pensacola
32591,Pensacola
32592,Pensacola
32561,Pensacola Bch
32561,Pensacola Beach
32512,Pensacola Naval Hospital
32507,Perdido Key
33157,Perrine
33170,Perrine
33177,Perrine
33187,Perrine
33189,Perrine
33190,Perrine
33257,Perrine
32347,Perry
32348,Perry
32180,Pierson
32809,Pine Castle
32839,Pine Castle
32808,Pine Hills
32818,Pine Hills
34465,Pine Ridge
34278,Pinecraft
33156,Pinecrest
33256,Pinecrest
33156,Pinecrest Postal Store
33945,Pineland
33780,Pinellas Park
33781,Pinellas Park
33782,Pinellas Park
32350,Pinetta
33946,Placida
33947,Placida
33563,Plant City
33564,Plant City
33565,Plant City
33566,Plant City
33567,Plant City
33311,Plantation
33312,Plantation
33313,Plantation
33317,Plantation
33318,Plantation
33322,Plantation
33323,Plantation
33324,Plantation
33325,Plantation
33326,Plantation
33327,Plantation
33337,Plantation
33388,Plantation
33036,Plantation Key
33070,Plantation Key
32768,Plymouth
32590,PNS
32082,Pnte Vdra Bch
34758,Poinciana
34759,Poinciana
32920,Point Canaveral
33948,Point Charlotte
33949,Point Charlotte
33952,Point Charlotte
33953,Point Charlotte
33954,Point Charlotte
33980,Point Charlotte
33981,Point Charlotte
33983,Point Charlotte
32123,Point Orange
32127,Point Orange
32128,Point Orange
32129,Point Orange
32459,Point Washington
33868,Polk City
32181,Pomona Park
33060,Pompano Beach
33061,Pompano Beach
33062,Pompano Beach
33063,Pompano Beach
33064,Pompano Beach
33065,Pompano Beach
33066,Pompano Beach
33067,Pompano Beach
33068,Pompano Beach
33069,Pompano Beach
33071,Pompano Beach
33072,Pompano Beach
33073,Pompano Beach
33074,Pompano Beach
33075,Pompano Beach
33076,Pompano Beach
33077,Pompano Beach
33093,Pompano Beach
33097,Pompano Beach
32455,Ponce de Leon
32127,Ponce Inlet
32004,Ponte Vedra
32081,Ponte Vedra
32082,Ponte Vedra
32004,Ponte Vedra Beach
32081,Ponte Vedra Beach
32082,Ponte Vedra Beach
32920,Port Canaveral
33948,Port Charlotte
33949,Port Charlotte
33952,Port Charlotte
33953,Port Charlotte
33954,Port Charlotte
33980,Port Charlotte
33981,Port Charlotte
33983,Port Charlotte
33316,Port Everglades
32123,Port Orange
32127,Port Orange
32128,Port Orange
32129,Port Orange
34667,Port Richey
34668,Port Richey
34669,Port Richey
34673,Port Richey
34674,Port Richey
32410,Port Saint Joe
32456,Port Saint Joe
32457,Port Saint Joe
32927,Port Saint John
34952,Port Saint Lucie
34953,Port Saint Lucie
34983,Port Saint Lucie
34984,Port Saint Lucie
34985,Port Saint Lucie
34986,Port Saint Lucie
34987,Port Saint Lucie
34988,Port Saint Lucie
34992,Port Salerno
32456,Port St Joe
32457,Port St Joe
32927,Port St John
34952,Port St Lucie
34953,Port St Lucie
34983,Port St Lucie
34984,Port St Lucie
34985,Port St Lucie
34986,Port St Lucie
34987,Port St Lucie
34988,Port St Lucie
33032,Princeton
33092,Princeton
33950,Punta Gorda
33951,Punta Gorda
33955,Punta Gorda
33980,Punta Gorda
33982,Punta Gorda
33983,Punta Gorda
32185,Putnam Hall
33170,Quail Heights
33177,Quail Heights
33187,Quail Heights
33189,Quail Heights
33190,Quail Heights
33197,Quail Heights
33257,Quail Heights
32351,Quincy
32352,Quincy
32353,Quincy
33040,Raccoon Key
32026,Raiford
32083,Raiford
33042,Ramrod Key
33597,Rdg Mnr Est
32455,Red Bay
32686,Reddick
33708,Redingtn Shor
33708,Redington Bch
33708,Redington Beach
33708,Redington Shores
33031,Redland
33032,Redland
34747,Reunion
33525,Richland
33156,Richmond Heights
33158,Richmond Heights
33176,Richmond Heights
33523,Ridge Manor
33597,Ridge Manor Estates
33867,River Ranch
33568,Riverview
33569,Riverview
33578,Riverview
33579,Riverview
33403,Riviera Beach
33404,Riviera Beach
33407,Riviera Beach
33410,Riviera Beach
33418,Riviera Beach
33419,Riviera Beach
32955,Rockledge
32956,Rockledge
34602,Rolling Acres
32957,Roseland
32413,Rosemary Bch
32461,Rosemary Bch
32413,Rosemary Beach
32461,Rosemary Beach
33947,Rotonda West
33411,Royal Palm Beach
33412,Royal Palm Beach
33414,Royal Palm Beach
33421,Royal Palm Beach
33411,Royal Plm Bch
33412,Royal Plm Bch
33414,Royal Plm Bch
33421,Royal Plm Bch
33411,Royal Plm Beach
33414,Royal Plm Beach
34221,Rubonia
33570,Ruskin
33571,Ruskin
33572,Ruskin
33573,Ruskin
33575,Ruskin
33411,Ryl Palm Bch
33412,Ryl Palm Bch
33421,Ryl Palm Bch
33359,Sabal Palm Postal Store
34695,Safety Harbor
32080,Saint Augustine
32084,Saint Augustine
32085,Saint Augustine
32086,Saint Augustine
32092,Saint Augustine
32095,Saint Augustine
34769,Saint Cloud
34770,Saint Cloud
34771,Saint Cloud
34772,Saint Cloud
34773,Saint Cloud
32328,Saint George Isl
32328,Saint George Island
33956,Saint James City
32259,Saint Johns
32260,Saint Johns
33574,Saint Leo
34953,Saint Lucie West
34983,Saint Lucie West
34986,Saint Lucie West
34987,Saint Lucie West
34988,Saint Lucie West
32355,Saint Marks
33733,Saint Pete
33706,Saint Pete Bch
33706,Saint Pete Beach
33707,Saint Pete Beach
33736,Saint Pete Beach
33701,Saint Petersburg
33702,Saint Petersburg
33703,Saint Petersburg
33704,Saint Petersburg
33705,Saint Petersburg
33706,Saint Petersburg
33707,Saint Petersburg
33708,Saint Petersburg
33709,Saint Petersburg
33710,Saint Petersburg
33711,Saint Petersburg
33712,Saint Petersburg
33713,Saint Petersburg
33714,Saint Petersburg
33715,Saint Petersburg
33716,Saint Petersburg
33729,Saint Petersburg
33730,Saint Petersburg
33731,Saint Petersburg
33732,Saint Petersburg
33733,Saint Petersburg
33734,Saint Petersburg
33736,Saint Petersburg
33737,Saint Petersburg
33738,Saint Petersburg
33740,Saint Petersburg
33741,Saint Petersburg
33742,Saint Petersburg
33743,Saint Petersburg
33747,Saint Petersburg
33784,Saint Petersburg
33706,Saint Petersburg Beach
32358,Saint Teresa
32356,Salem
32134,Salt Springs
34208,Samoset
33576,San Antonio
33912,San Carlos Park
33967,San Carlos Park
32187,San Mateo
32819,Sand Lake
32087,Sanderson
32550,Sandestin
32771,Sanford
32772,Sanford
32773,Sanford
33957,Sanibel
32615,Santa Fe
32459,Santa Rosa Beach
32459,Santa Rsa Bch
34230,Sarasota
34231,Sarasota
34232,Sarasota
34233,Sarasota
34234,Sarasota
34235,Sarasota
34236,Sarasota
34237,Sarasota
34238,Sarasota
34239,Sarasota
34240,Sarasota
34241,Sarasota
34242,Sarasota
34243,Sarasota
34260,Sarasota
34276,Sarasota
34277,Sarasota
34278,Sarasota
32937,Satellite Bch
32937,Satellite Beach
32189,Satsuma
32775,Scottsmoor
33308,Sea Ranch Lakes
33308,Sea Ranch Lks
32413,Seacrest
32958,Sebastian
32976,Sebastian
32978,Sebastian
33870,Sebring
33871,Sebring
33872,Sebring
33875,Sebring
33876,Sebring
33583,Seffner
33584,Seffner
33772,Seminole
33774,Seminole
33775,Seminole
33776,Seminole
33777,Seminole
33778,Seminole
34655,Seven Springs
32190,Seville
34996,Sewalls Point
33132,Seybold
32357,Shady Grove
34610,Shady Hills
32579,Shalimar
32959,Sharpes
34266,Sidell
34242,Siesta Key
34488,Silver Springs
34489,Silver Springs
33404,Singer Island
33176,Snapper Creek
32460,Sneads
32358,Sopchoppy
32776,Sorrento
33493,South Bay
32119,South Daytona
32121,South Daytona
32119,South Daytona Bch
33082,South Florida
33912,South Fort Myers
33967,South Fort Myers
33143,South Miami
33146,South Miami
33155,South Miami
33156,South Miami
33173,South Miami
33176,South Miami
33183,South Miami
33243,South Miami
33256,South Miami
33157,South Miami Heights
33480,South Palm Bch
33480,South Palm Beach
33707,South Pasadena
32409,Southport
33330,Southwest Ranches
33331,Southwest Ranches
33332,Southwest Ranches
32192,Sparr
34604,Spring Hill
34606,Spring Hill
34607,Spring Hill
34608,Spring Hill
34609,Spring Hill
34610,Spring Hill
34611,Spring Hill
34613,Spring Hill
32091,Starke
33888,State Farm Ins
32399,State of Florida
32359,Steinhatchee
32723,Stetson University
33040,Stock Island
33041,Stock Island
34994,Stuart
34995,Stuart
34996,Stuart
34997,Stuart
33042,Sugarlf Shrs
33042,Sugarloaf
33042,Sugarloaf Key
33042,Sugarloaf Shrs
32335,Sumatra
34491,Summerfield
34492,Summerfield
33042,Summerland Key
33043,Summerland Key
33042,Summrlnd Key
33043,Summrlnd Key
33585,Sumterville
33586,Sun City
33570,Sun City Center
33571,Sun City Center
33573,Sun City Center
33575,Sun City Center
32428,Sunny Hills
33160,Sunny Isl Bch
33160,Sunny Isles
33160,Sunny Isles Beach
33304,Sunrise
33313,Sunrise
33319,Sunrise
33321,Sunrise
33322,Sunrise
33323,Sunrise
33325,Sunrise
33326,Sunrise
33338,Sunrise
33345,Sunrise
33351,Sunrise
33355,Sunrise
33140,Sunset Island
32934,Suntree
32935,Suntree
32940,Suntree
32941,Suntree
32897,Suntrust National Bank
32891,Suntrust Service Corporation
33154,Surfside
32692,Suwanee
32692,Suwannee
33144,Sweetwater
33172,Sweetwater
33174,Sweetwater
33182,Sweetwater
33184,Sweetwater
33194,Sweetwater
32259,Switzerland
33587,Sydney
32301,Tallahassee
32302,Tallahassee
32303,Tallahassee
32304,Tallahassee
32305,Tallahassee
32306,Tallahassee
32307,Tallahassee
32308,Tallahassee
32309,Tallahassee
32310,Tallahassee
32311,Tallahassee
32312,Tallahassee
32313,Tallahassee
32314,Tallahassee
32315,Tallahassee
32316,Tallahassee
32317,Tallahassee
32318,Tallahassee
32395,Tallahassee
32399,Tallahassee
34270,Tallevast
33309,Tamarac
33319,Tamarac
33320,Tamarac
33321,Tamarac
33323,Tamarac
33351,Tamarac
33359,Tamarac
33601,Tampa
33602,Tampa
33603,Tampa
33604,Tampa
33605,Tampa
33606,Tampa
33607,Tampa
33608,Tampa
33609,Tampa
33610,Tampa
33611,Tampa
33612,Tampa
33613,Tampa
33614,Tampa
33615,Tampa
33616,Tampa
33617,Tampa
33618,Tampa
33619,Tampa
33620,Tampa
33621,Tampa
33622,Tampa
33623,Tampa
33624,Tampa
33625,Tampa
33626,Tampa
33629,Tampa
33630,Tampa
33631,Tampa
33633,Tampa
33634,Tampa
33635,Tampa
33637,Tampa
33646,Tampa
33647,Tampa
33650,Tampa
33655,Tampa
33660,Tampa
33661,Tampa
33662,Tampa
33663,Tampa
33664,Tampa
33672,Tampa
33673,Tampa
33674,Tampa
33675,Tampa
33677,Tampa
33679,Tampa
33680,Tampa
33681,Tampa
33682,Tampa
33684,Tampa
33685,Tampa
33686,Tampa
33687,Tampa
33688,Tampa
33689,Tampa
33690,Tampa
33694,Tampa
33633,Tampa Brm Unique
33647,Tampa Palms
32777,Tangerine
34688,Tarpon Spngs
34689,Tarpon Spngs
34690,Tarpon Spngs
34691,Tarpon Spngs
34688,Tarpon Springs
34689,Tarpon Springs
34690,Tarpon Springs
34691,Tarpon Springs
34692,Tarpon Springs
32778,Tavares
33070,Tavernier
32360,Telogia
33617,Temple Ter
33637,Temple Ter
33687,Temple Ter
33617,Temple Terrace
33637,Temple Terrace
33687,Temple Terrace
33469,Tequesta
34250,Terra Ceia
34250,Terra Ceia Island
32159,The Villages
32162,The Villages
32163,The Villages
33592,Thonotosassa
33905,Tice
33715,Tierra Verde
33634,Time Cs Brm Unique
33664,Time Cs Brm Unique
33664,Time Customer Service Inc
33660,Time Inc
33661,Time Inc
33662,Time Inc
33664,Time Inc
32669,Tioga
32780,Titusville
32781,Titusville
32782,Titusville
32783,Titusville
32796,Titusville
32081,Tn of Nocatee
33183,Town & Country Postal Store
33283,Town & Country Postal Store
33615,Town N Country
32081,Town of Nocatee
34281,Trailer Est
34281,Trailer Estates
33706,Treasure Island
33740,Treasure Island
32693,Trenton
33593,Trilby
34655,Trinity
33615,Twn N Cntry
32403,Tyndall A F B
32403,Tyndall AFB
32816,UCF
33162,Uleta
33164,Uleta
32784,Umatilla
32817,Union Park
33024,University
32610,University Medical Center
32816,University of Central Fl
32611,University of FL
32612,University of FL
32612,University of FL Student Dorms
33124,University of Miami
33146,University of Miami
33620,University of South Florida
33606,University of Tampa
34201,University Park
33037,Upper Key Largo
33036,Upper Matecumbe Key
33042,Upper Sugarloaf Key
33042,Upr Sugarloaf
32950,Valkaria
32580,Valparaiso
33594,Valrico
33595,Valrico
33596,Valrico
34107,Vanderbilt
34107,Vanderbilt Beach
33139,Venetian Islands
33036,Venetian Shores
34284,Venice
34285,Venice
34286,Venice
34287,Venice
34288,Venice
34289,Venice
34290,Venice
34291,Venice
34292,Venice
34293,Venice
33960,Venus
32462,Vernon
32960,Vero Beach
32961,Vero Beach
32962,Vero Beach
32963,Vero Beach
32964,Vero Beach
32965,Vero Beach
32966,Vero Beach
32967,Vero Beach
32968,Vero Beach
32969,Vero Beach
32940,Viera
32955,Viera
33436,Village of Golf
33461,Village of Palm Springs
33157,Village of Palmetto Bay
33158,Village of Palmetto Bay
33156,Village of Pinecrest
33256,Village of Pinecrest
33414,Village of Wellington
33449,Village of Wellington
33470,Village of Wellington
33166,Virginia Gardens
33166,Virginia Gdns
33436,Vlg of Golf
33414,Vlg Wellingtn
33470,Vlg Wellingtn
32970,Wabasso
32886,Wachovia
32886,Wachovia Mortgage Corp
32361,Wacissa
33880,Wahneta
32327,Wakulla Springs
32694,Waldo
32568,Walnut Hill
32413,Watersound
32461,Watersound
33873,Wauchula
32463,Wausau
33877,Waverly
33597,Webster
34606,Weeki Wachee
34607,Weeki Wachee
34613,Weeki Wachee
34614,Weeki Wachee
32195,Weirsdale
32779,Wekiva Springs
32791,Wekiva Springs
32193,Welaka
32094,Wellborn
33411,Wellington
33414,Wellington
33421,Wellington
33449,Wellington
33467,Wellington
33470,Wellington
33543,Wesley Chapel
33544,Wesley Chapel
33545,Wesley Chapel
34205,West Bradenton
33196,West Dade
33446,West Delray Bch
33448,West Delray Bch
33484,West Delray Bch
33446,West Delray Beach
33448,West Delray Beach
33484,West Delray Beach
32548,West Destin
33023,West Hollywood
32904,West Melbourne
32912,West Melbourne
33144,West Miami
33155,West Miami
33172,West Miami
33174,West Miami
33182,West Miami
33194,West Miami
33401,West Palm Bch
33402,West Palm Bch
33403,West Palm Bch
33404,West Palm Bch
33405,West Palm Bch
33406,West Palm Bch
33407,West Palm Bch
33408,West Palm Bch
33409,West Palm Bch
33410,West Palm Bch
33411,West Palm Bch
33412,West Palm Bch
33413,West Palm Bch
33414,West Palm Bch
33415,West Palm Bch
33416,West Palm Bch
33417,West Palm Bch
33418,West Palm Bch
33419,West Palm Bch
33420,West Palm Bch
33421,West Palm Bch
33422,West Palm Bch
33401,West Palm Beach
33402,West Palm Beach
33403,West Palm Beach
33404,West Palm Beach
33405,West Palm Beach
33406,West Palm Beach
33407,West Palm Beach
33408,West Palm Beach
33409,West Palm Beach
33410,West Palm Beach
33411,West Palm Beach
33412,West Palm Beach
33413,West Palm Beach
33414,West Palm Beach
33415,West Palm Beach
33416,West Palm Beach
33417,West Palm Beach
33418,West Palm Beach
33419,West Palm Beach
33420,West Palm Beach
33421,West Palm Beach
33422,West Palm Beach
33470,West Palm Beach
32413,West Panama City Beach
33023,West Park
33403,West Plm Bch
33626,Westchase
33165,Westchester
33326,Weston
33327,Weston
33331,Weston
33332,Weston
33325,Westside Branch
33330,Westside Branch
33355,Westside Branch
32464,Westville
32449,Wewahitchka
32465,Wewahitchka
32096,White Springs
32127,Wilbur By Sea
32127,Wilbur by the Sea
34785,Wildwood
32696,Williston
33305,Wilton Manors
33306,Wilton Manors
33311,Wilton Manors
33334,Wilton Manors
33598,Wimauma
34786,Windermere
33036,Windley Key
32971,Winter Beach
34777,Winter Garden
34778,Winter Garden
34787,Winter Garden
33880,Winter Haven
33881,Winter Haven
33882,Winter Haven
33883,Winter Haven
33884,Winter Haven
33885,Winter Haven
33888,Winter Haven
33883,Winter Hvn
32789,Winter Park
32790,Winter Park
32792,Winter Park
32793,Winter Park
32708,Winter Springs
32719,Winter Springs
34778,Wintergarden
32362,Woodville
32697,Worthington Springs
32697,Worthngtn Springs
34797,Yalaha
34498,Yankeetown
33605,Ybor City
33675,Ybor City
34972,Yeehaw
34972,Yeehaw Junction
32466,Youngstown
32041,Yulee
32097,Yulee
32798,Zellwood
33539,Zephyrhills
33540,Zephyrhills
33541,Zephyrhills
33542,Zephyrhills
33543,Zephyrhills
33544,Zephyrhills
33545,Zephyrhills
33890,Zolfo Springs
